trial_id,name,category,prompt,num_objects,task_objects,target_locations,is_ambiguous,vlm_grounding_time,llm_first_pass_time,first_pass_valid,first_pass_feasible,first_pass_error,retries_used,feedback_success,fd_parser_error,fd_success,fd_solve_time,plan_length
1,single_can_sorting_bin,Tier 1: Single-Object,Put the red can in the sorting bin.,1,['red_can'],['sorting_bin'],True,10.332,11.606,True,True,None,0,True,False,True,0.0789,2
2,single_cube_pot,Tier 1: Single-Object,Please take the yellow cube and place it into the pot.,1,['yellow_cube'],['pot'],True,9.555,11.429,True,True,None,0,True,False,True,0.0785,2
3,single_can_table_relocate,Tier 1: Single-Object,Move the blue can onto the table.,1,['blue_can'],['table'],True,8.6,11.434,True,True,None,0,True,False,True,0.0796,2
4,store_inside_phrasing_can,Tier 1: Single-Object,Grab the green can and store it inside the sorting bin.,1,['green_can'],['sorting_bin'],True,8.568,11.575,True,True,None,0,True,False,True,0.0799,2
5,deposit_block_pot,Tier 1: Single-Object,Deposit the purple cube into the pot receptacle.,1,['purple_cube'],['pot'],True,8.529,11.441,True,True,None,0,True,False,True,0.0846,2
6,can_and_cube_split,Tier 2: Two-Object Sequential,"Put the red can in the sorting bin, then put the yellow cube in the pot.",2,"['red_can', 'yellow_cube']","['sorting_bin', 'pot']",True,8.672,15.101,True,True,None,0,True,False,True,0.0781,4
7,two_cans_same_bin,Tier 2: Two-Object Sequential,Place both the red can and the blue can inside the sorting bin.,2,"['red_can', 'blue_can']",['sorting_bin'],True,8.912,14.371,True,True,None,0,True,False,True,0.0813,4
8,two_cubes_different_receptacles,Tier 2: Two-Object Sequential,"First pick up the yellow cube and drop it in the pot, then place the purple cube in the sorting bin.",2,"['yellow_cube', 'purple_cube']","['pot', 'sorting_bin']",True,8.836,14.484,True,True,None,0,True,False,True,0.0797,4
9,two_cans_pot_storage,Tier 2: Two-Object Sequential,Can you put the blue can in the pot and then put the green can in the pot as well?,2,"['blue_can', 'green_can']",['pot'],True,8.702,13.871,True,True,None,0,True,False,True,0.0787,4
10,reverse_order_can_cube,Tier 2: Two-Object Sequential,"Store the yellow cube in the sorting bin, and place the red can into the pot.",2,"['yellow_cube', 'red_can']","['sorting_bin', 'pot']",True,8.809,14.549,True,True,None,0,True,False,True,0.08,4
11,drop_inside_cubes,Tier 2: Two-Object Sequential,"Drop the purple cube inside the pot, then place the blue can inside the sorting bin.",2,"['purple_cube', 'blue_can']","['pot', 'sorting_bin']",True,9.058,32.846,False,False,Schema Validation Error,1,True,False,True,0.0808,4
12,canonical_tasksorting_3obj,Tier 3: Three-Object Chained,"Put the red can in the sorting bin, then put the yellow cube in the pot. Then take the blue can and put it in the sorting bin.",3,"['red_can', 'yellow_cube', 'blue_can']","['sorting_bin', 'pot']",True,8.856,16.925,True,True,None,0,True,False,True,0.0872,6
13,alternate_order_3obj,Tier 3: Three-Object Chained,"First take the blue can to the sorting bin, then put the red can in the pot, and finally place the yellow cube into the sorting bin.",3,"['blue_can', 'red_can', 'yellow_cube']","['sorting_bin', 'pot']",True,8.935,17.169,True,True,None,0,True,False,True,0.0769,6
14,grouped_instruction_3obj,Tier 3: Three-Object Chained,"Move all three items: place the red can and blue can in the sorting bin, and put the yellow cube in the pot.",3,"['red_can', 'blue_can', 'yellow_cube']","['sorting_bin', 'pot']",True,9.025,17.162,True,True,None,0,True,False,True,0.0785,6
15,two_cubes_one_can,Tier 3: Three-Object Chained,"Put the yellow cube in the pot, the purple cube in the pot, and the green can in the sorting bin.",3,"['yellow_cube', 'purple_cube', 'green_can']","['pot', 'sorting_bin']",True,9.016,17.185,True,True,None,0,True,False,True,0.0862,6
16,three_cans_sorting,Tier 3: Three-Object Chained,"Sort all cans: put the red can in the sorting bin, the blue can in the pot, and the green can in the sorting bin.",3,"['red_can', 'blue_can', 'green_can']","['sorting_bin', 'pot']",True,9.22,16.927,True,True,None,0,True,False,True,0.082,6
17,cleanup_table_mixed,Tier 3: Three-Object Chained,"Clean up the table: place the green can into the sorting bin, the red can into the pot, and the purple cube into the sorting bin.",3,"['green_can', 'red_can', 'purple_cube']","['sorting_bin', 'pot']",True,9.341,17.23,True,True,None,0,True,False,True,0.0817,6
18,two_into_pot_one_bin,Tier 3: Three-Object Chained,"Transfer the yellow cube and blue can into the pot, then place the red can into the sorting bin.",3,"['yellow_cube', 'blue_can', 'red_can']","['pot', 'sorting_bin']",True,9.028,16.83,True,True,None,0,True,False,True,0.0869,6
19,four_object_quad_sorting,Tier 4: Four-Object High-Complexity,"Put the red can in the sorting bin, yellow cube in the pot, blue can in the sorting bin, and purple cube in the pot.",4,"['red_can', 'yellow_cube', 'blue_can', 'purple_cube']","['sorting_bin', 'pot']",True,8.927,20.393,True,True,None,0,True,False,True,0.0866,8
20,four_object_sequential_chain,Tier 4: Four-Object High-Complexity,"First put the yellow cube in the pot, next put the red can in the sorting bin, then put the blue can in the pot, and finally put the green can in the sorting bin.",4,"['yellow_cube', 'red_can', 'blue_can', 'green_can']","['pot', 'sorting_bin']",True,9.507,20.073,True,True,None,0,True,False,True,0.1069,8
21,four_object_pairwise,Tier 4: Four-Object High-Complexity,"Move the red can and blue can to the pot, and move the yellow cube and purple cube to the sorting bin.",4,"['red_can', 'blue_can', 'yellow_cube', 'purple_cube']","['pot', 'sorting_bin']",True,9.774,41.425,False,False,Schema Validation Error,1,True,False,True,0.0954,8
22,synonym_soda_can_container,Tier 5: Ambiguity & Synonyms,Take the red soda can and put it inside the sorting bin container.,1,['red_soda_can'],['sorting_bin'],True,9.817,13.089,True,True,None,0,True,False,True,0.0921,2
23,synonym_cooking_pot_block,Tier 5: Ambiguity & Synonyms,Please deposit the bright yellow block into the cooking pot.,1,['bright_yellow_block'],['cooking_pot'],True,10.083,12.809,True,True,None,0,True,False,True,0.0886,2
24,synonym_beverage_can_bin,Tier 5: Ambiguity & Synonyms,"I need the blue beverage can stored in the bin, and the yellow cube in the pot.",2,"['blue_can', 'yellow_cube']","['bin', 'pot']",True,9.504,15.75,True,True,None,0,True,False,True,0.096,4
25,ambiguity_color_unspecified,Tier 5: Ambiguity & Synonyms,Pick up the can and put it in the sorting bin.,1,['red_can'],['sorting_bin'],True,11.72,12.611,True,True,None,0,True,False,True,0.0993,2
26,ambiguity_cube_unspecified,Tier 5: Ambiguity & Synonyms,Put the cube into the pot and the blue can in the bin.,2,"['yellow_cube', 'blue_can']","['pot', 'bin']",True,11.85,15.655,True,True,None,0,True,False,True,0.0969,4
27,explicit_pick_place_phrasing,Tier 5: Ambiguity & Synonyms,"Pick up the green can and place it onto the sorting bin. After that, pick up the purple cube and place it onto the pot.",2,"['green_can', 'purple_cube']","['sorting_bin', 'pot']",True,9.719,16.035,True,True,None,0,True,False,True,0.0934,4
28,three_item_natural_sorting,Tier 5: Ambiguity & Synonyms,"Sort the colored items: yellow block into the pot, red cylinder to the bin, blue cylinder to the pot.",3,"['yellow_block', 'red_cylinder', 'blue_cylinder']","['pot', 'bin']",True,9.334,18.723,True,True,None,0,True,False,True,0.0911,6
